timestamp,load_kw
2026-01-01 00:00:00,52.426
2026-01-01 01:00:00,55.794
2026-01-01 02:00:00,55.91
2026-01-01 03:00:00,51.417
2026-01-01 04:00:00,51.852
2026-01-01 05:00:00,51.874
2026-01-01 06:00:00,47.441
2026-01-01 07:00:00,48.28
2026-01-01 08:00:00,53.934
2026-01-01 09:00:00,56.466
2026-01-01 10:00:00,54.071
2026-01-01 11:00:00,56.554
2026-01-01 12:00:00,52.609
2026-01-01 13:00:00,46.305
2026-01-01 14:00:00,48.988
2026-01-01 15:00:00,44.966
2026-01-01 16:00:00,50.075
2026-01-01 17:00:00,54.226
2026-01-01 18:00:00,54.047
2026-01-01 19:00:00,51.181
2026-01-01 20:00:00,49.029
2026-01-01 21:00:00,52.068
2026-01-01 22:00:00,46.013
2026-01-01 23:00:00,51.653
2026-01-02 00:00:00,52.286
2026-01-02 01:00:00,54.821
2026-01-02 02:00:00,56.579
2026-01-02 03:00:00,60.068
2026-01-02 04:00:00,52.32
2026-01-02 05:00:00,52.745
2026-01-02 06:00:00,51.195
2026-01-02 07:00:00,53.246
2026-01-02 08:00:00,51.246
2026-01-02 09:00:00,57.326
2026-01-02 10:00:00,57.788
2026-01-02 11:00:00,55.074
2026-01-02 12:00:00,54.122
2026-01-02 13:00:00,45.842
2026-01-02 14:00:00,45.109
2026-01-02 15:00:00,47.769
2026-01-02 16:00:00,54.077
2026-01-02 17:00:00,53.089
2026-01-02 18:00:00,54.096
2026-01-02 19:00:00,55.664
2026-01-02 20:00:00,51.421
2026-01-02 21:00:00,47.918
2026-01-02 22:00:00,52.141
2026-01-02 23:00:00,51.314
2026-01-03 00:00:00,53.728
2026-01-03 01:00:00,55.031
2026-01-03 02:00:00,58.501
2026-01-03 03:00:00,54.008
2026-01-03 04:00:00,54.774
2026-01-03 05:00:00,53.251
2026-01-03 06:00:00,53.732
2026-01-03 07:00:00,55.157
2026-01-03 08:00:00,55.712
2026-01-03 09:00:00,59.241
2026-01-03 10:00:00,56.574
2026-01-03 11:00:00,55.745
2026-01-03 12:00:00,53.74
2026-01-03 13:00:00,52.628
2026-01-03 14:00:00,50.04
2026-01-03 15:00:00,46.493
2026-01-03 16:00:00,47.198
2026-01-03 17:00:00,54.202
2026-01-03 18:00:00,52.29
2026-01-03 19:00:00,51.6
2026-01-03 20:00:00,52.45
2026-01-03 21:00:00,49.545
2026-01-03 22:00:00,51.361
2026-01-03 23:00:00,48.664
2026-01-04 00:00:00,51.712
2026-01-04 01:00:00,57.478
2026-01-04 02:00:00,61.029
2026-01-04 03:00:00,60.216
2026-01-04 04:00:00,52.284
2026-01-04 05:00:00,51.603
2026-01-04 06:00:00,53.26
2026-01-04 07:00:00,54.606
2026-01-04 08:00:00,54.32
2026-01-04 09:00:00,55.361
2026-01-04 10:00:00,56.435
2026-01-04 11:00:00,59.845
2026-01-04 12:00:00,54.55
2026-01-04 13:00:00,45.417
2026-01-04 14:00:00,44.225
2026-01-04 15:00:00,50.667
2026-01-04 16:00:00,49.769
2026-01-04 17:00:00,54.753
2026-01-04 18:00:00,54.189
2026-01-04 19:00:00,52.293
2026-01-04 20:00:00,52.414
2026-01-04 21:00:00,47.324
2026-01-04 22:00:00,50.531
2026-01-04 23:00:00,48.623
2026-01-05 00:00:00,51.5
2026-01-05 01:00:00,54.433
2026-01-05 02:00:00,58.462
2026-01-05 03:00:00,60.27
2026-01-05 04:00:00,55.509
2026-01-05 05:00:00,54.87
2026-01-05 06:00:00,50.542
2026-01-05 07:00:00,55.956
2026-01-05 08:00:00,53.801
2026-01-05 09:00:00,55.362
2026-01-05 10:00:00,59.802
2026-01-05 11:00:00,58.399
2026-01-05 12:00:00,56.973
2026-01-05 13:00:00,57.161
2026-01-05 14:00:00,48.675
2026-01-05 15:00:00,52.348
2026-01-05 16:00:00,50.337
2026-01-05 17:00:00,55.205
2026-01-05 18:00:00,52.449
2026-01-05 19:00:00,58.727
2026-01-05 20:00:00,53.252
2026-01-05 21:00:00,50.575
2026-01-05 22:00:00,48.249
2026-01-05 23:00:00,51.522
2026-01-06 00:00:00,53.789
2026-01-06 01:00:00,59.145
2026-01-06 02:00:00,58.121
2026-01-06 03:00:00,55.815
2026-01-06 04:00:00,57.081
2026-01-06 05:00:00,53.934
2026-01-06 06:00:00,52.404
2026-01-06 07:00:00,55.945
2026-01-06 08:00:00,53.897
2026-01-06 09:00:00,57.094
2026-01-06 10:00:00,59.418
2026-01-06 11:00:00,57.691
2026-01-06 12:00:00,52.758
2026-01-06 13:00:00,48.805
2026-01-06 14:00:00,51.494
2026-01-06 15:00:00,52.258
2026-01-06 16:00:00,56.872
2026-01-06 17:00:00,54.422
2026-01-06 18:00:00,56.492
2026-01-06 19:00:00,54.575
2026-01-06 20:00:00,53.473
2026-01-06 21:00:00,51.994
2026-01-06 22:00:00,51.825
2026-01-06 23:00:00,54.058
2026-01-07 00:00:00,55.675
2026-01-07 01:00:00,57.787
2026-01-07 02:00:00,60.87
2026-01-07 03:00:00,57.181
2026-01-07 04:00:00,57.401
2026-01-07 05:00:00,54.01
2026-01-07 06:00:00,56.172
2026-01-07 07:00:00,56.175
2026-01-07 08:00:00,58.622
2026-01-07 09:00:00,58.649
2026-01-07 10:00:00,57.351
2026-01-07 11:00:00,56.331
2026-01-07 12:00:00,53.77
2026-01-07 13:00:00,52.106
2026-01-07 14:00:00,49.992
2026-01-07 15:00:00,50.819
2026-01-07 16:00:00,54.527
2026-01-07 17:00:00,56.962
2026-01-07 18:00:00,57.271
2026-01-07 19:00:00,55.233
2026-01-07 20:00:00,55.123
2026-01-07 21:00:00,49.631
2026-01-07 22:00:00,50.507
2026-01-07 23:00:00,50.712
2026-01-08 00:00:00,55.482
2026-01-08 01:00:00,54.437
2026-01-08 02:00:00,59.554
2026-01-08 03:00:00,56.304
2026-01-08 04:00:00,53.285
2026-01-08 05:00:00,53.102
2026-01-08 06:00:00,53.681
2026-01-08 07:00:00,53.564
2026-01-08 08:00:00,58.447
2026-01-08 09:00:00,60.778
2026-01-08 10:00:00,57.085
2026-01-08 11:00:00,54.19
2026-01-08 12:00:00,52.384
2026-01-08 13:00:00,53.968
2026-01-08 14:00:00,48.737
2026-01-08 15:00:00,50.927
2026-01-08 16:00:00,55.57
2026-01-08 17:00:00,53.662
2026-01-08 18:00:00,55.267
2026-01-08 19:00:00,55.521
2026-01-08 20:00:00,53.061
2026-01-08 21:00:00,51.597
2026-01-08 22:00:00,49.426
2026-01-08 23:00:00,50.312
2026-01-09 00:00:00,53.566
2026-01-09 01:00:00,55.54
2026-01-09 02:00:00,60.756
2026-01-09 03:00:00,58.902
2026-01-09 04:00:00,55.634
2026-01-09 05:00:00,59.051
2026-01-09 06:00:00,51.38
2026-01-09 07:00:00,52.24
2026-01-09 08:00:00,54.302
2026-01-09 09:00:00,57.02
2026-01-09 10:00:00,60.103
2026-01-09 11:00:00,58.012
2026-01-09 12:00:00,52.195
2026-01-09 13:00:00,52.741
2026-01-09 14:00:00,54.569
2026-01-09 15:00:00,52.637
2026-01-09 16:00:00,54.689
2026-01-09 17:00:00,56.121
2026-01-09 18:00:00,54.693
2026-01-09 19:00:00,59.913
2026-01-09 20:00:00,54.221
2026-01-09 21:00:00,55.156
2026-01-09 22:00:00,52.155
2026-01-09 23:00:00,54.686
2026-01-10 00:00:00,55.633
2026-01-10 01:00:00,58.44
2026-01-10 02:00:00,55.914
2026-01-10 03:00:00,61.589
2026-01-10 04:00:00,59.07
2026-01-10 05:00:00,53.725
2026-01-10 06:00:00,53.769
2026-01-10 07:00:00,54.842
2026-01-10 08:00:00,56.662
2026-01-10 09:00:00,58.743
2026-01-10 10:00:00,61.138
2026-01-10 11:00:00,57.61
2026-01-10 12:00:00,56.066
2026-01-10 13:00:00,53.85
2026-01-10 14:00:00,48.973
2026-01-10 15:00:00,52.33
2026-01-10 16:00:00,53.909
2026-01-10 17:00:00,56.962
2026-01-10 18:00:00,56.567
2026-01-10 19:00:00,54.258
2026-01-10 20:00:00,55.243
2026-01-10 21:00:00,48.157
2026-01-10 22:00:00,46.717
2026-01-10 23:00:00,54.739
2026-01-11 00:00:00,55.628
2026-01-11 01:00:00,55.136
2026-01-11 02:00:00,56.691
2026-01-11 03:00:00,58.026
2026-01-11 04:00:00,53.112
2026-01-11 05:00:00,56.526
2026-01-11 06:00:00,49.433
2026-01-11 07:00:00,51.969
2026-01-11 08:00:00,55.4
2026-01-11 09:00:00,58.508
2026-01-11 10:00:00,55.095
2026-01-11 11:00:00,53.764
2026-01-11 12:00:00,56.032
2026-01-11 13:00:00,54.4
2026-01-11 14:00:00,49.718
2026-01-11 15:00:00,49.168
2026-01-11 16:00:00,55.736
2026-01-11 17:00:00,59.837
2026-01-11 18:00:00,57.475
2026-01-11 19:00:00,52.588
2026-01-11 20:00:00,52.368
2026-01-11 21:00:00,51.519
2026-01-11 22:00:00,47.743
2026-01-11 23:00:00,52.935
2026-01-12 00:00:00,55.095
2026-01-12 01:00:00,59.764
2026-01-12 02:00:00,60.396
2026-01-12 03:00:00,62.292
2026-01-12 04:00:00,59.957
2026-01-12 05:00:00,53.05
2026-01-12 06:00:00,56.797
2026-01-12 07:00:00,55.65
2026-01-12 08:00:00,56.566
2026-01-12 09:00:00,56.623
2026-01-12 10:00:00,57.013
2026-01-12 11:00:00,58.208
2026-01-12 12:00:00,57.538
2026-01-12 13:00:00,50.577
2026-01-12 14:00:00,48.541
2026-01-12 15:00:00,47.189
2026-01-12 16:00:00,56.107
2026-01-12 17:00:00,52.771
2026-01-12 18:00:00,55.425
2026-01-12 19:00:00,55.193
2026-01-12 20:00:00,53.481
2026-01-12 21:00:00,51.539
2026-01-12 22:00:00,52.365
2026-01-12 23:00:00,50.674
2026-01-13 00:00:00,55.127
2026-01-13 01:00:00,59.234
2026-01-13 02:00:00,59.802
2026-01-13 03:00:00,58.01
2026-01-13 04:00:00,57.609
2026-01-13 05:00:00,55.122
2026-01-13 06:00:00,52.231
2026-01-13 07:00:00,53.999
2026-01-13 08:00:00,56.398
2026-01-13 09:00:00,58.766
2026-01-13 10:00:00,63.284
2026-01-13 11:00:00,54.886
2026-01-13 12:00:00,57.983
2026-01-13 13:00:00,52.201
2026-01-13 14:00:00,52.22
2026-01-13 15:00:00,51.101
2026-01-13 16:00:00,50.238
2026-01-13 17:00:00,56.47
2026-01-13 18:00:00,56.395
2026-01-13 19:00:00,59.67
2026-01-13 20:00:00,48.753
2026-01-13 21:00:00,55.458
2026-01-13 22:00:00,47.219
2026-01-13 23:00:00,49.364
2026-01-14 00:00:00,54.1
2026-01-14 01:00:00,58.928
2026-01-14 02:00:00,61.948
2026-01-14 03:00:00,61.422
2026-01-14 04:00:00,57.791
2026-01-14 05:00:00,54.95
2026-01-14 06:00:00,51.106
2026-01-14 07:00:00,56.638
2026-01-14 08:00:00,56.778
2026-01-14 09:00:00,55.421
2026-01-14 10:00:00,55.996
2026-01-14 11:00:00,61.148
2026-01-14 12:00:00,52.435
2026-01-14 13:00:00,51.572
2026-01-14 14:00:00,47.479
2026-01-14 15:00:00,52.137
2026-01-14 16:00:00,51.297
2026-01-14 17:00:00,55.818
2026-01-14 18:00:00,56.652
2026-01-14 19:00:00,57.183
2026-01-14 20:00:00,52.162
2026-01-14 21:00:00,48.399
2026-01-14 22:00:00,52.624
2026-01-14 23:00:00,48.84
2026-01-15 00:00:00,55.071
2026-01-15 01:00:00,57.963
2026-01-15 02:00:00,58.797
2026-01-15 03:00:00,58.039
2026-01-15 04:00:00,59.2
2026-01-15 05:00:00,51.724
2026-01-15 06:00:00,53.416
2026-01-15 07:00:00,52.296
2026-01-15 08:00:00,63.122
2026-01-15 09:00:00,59.277
2026-01-15 10:00:00,60.13
2026-01-15 11:00:00,54.632
2026-01-15 12:00:00,51.744
2026-01-15 13:00:00,48.861
2026-01-15 14:00:00,48.961
2026-01-15 15:00:00,53.906
2026-01-15 16:00:00,54.701
2026-01-15 17:00:00,55.089
2026-01-15 18:00:00,55.334
2026-01-15 19:00:00,54.393
2026-01-15 20:00:00,54.393
2026-01-15 21:00:00,50.652
2026-01-15 22:00:00,51.97
2026-01-15 23:00:00,52.379
2026-01-16 00:00:00,53.999
2026-01-16 01:00:00,58.055
2026-01-16 02:00:00,58.649
2026-01-16 03:00:00,56.746
2026-01-16 04:00:00,53.739
2026-01-16 05:00:00,54.206
2026-01-16 06:00:00,55.85
2026-01-16 07:00:00,53.441
2026-01-16 08:00:00,59.482
2026-01-16 09:00:00,56.941
2026-01-16 10:00:00,58.188
2026-01-16 11:00:00,60.163
2026-01-16 12:00:00,54.341
2026-01-16 13:00:00,51.077
2026-01-16 14:00:00,50.801
2026-01-16 15:00:00,50.67
2026-01-16 16:00:00,52.563
2026-01-16 17:00:00,55.897
2026-01-16 18:00:00,58.136
2026-01-16 19:00:00,52.656
2026-01-16 20:00:00,54.994
2026-01-16 21:00:00,47.105
2026-01-16 22:00:00,50.283
2026-01-16 23:00:00,50.755
2026-01-17 00:00:00,55.683
2026-01-17 01:00:00,60.71
2026-01-17 02:00:00,60.804
2026-01-17 03:00:00,58.76
2026-01-17 04:00:00,56.234
2026-01-17 05:00:00,55.422
2026-01-17 06:00:00,50.64
2026-01-17 07:00:00,51.092
2026-01-17 08:00:00,54.863
2026-01-17 09:00:00,54.872
2026-01-17 10:00:00,60.841
2026-01-17 11:00:00,61.544
2026-01-17 12:00:00,54.572
2026-01-17 13:00:00,49.187
2026-01-17 14:00:00,48.393
2026-01-17 15:00:00,46.623
2026-01-17 16:00:00,51.254
2026-01-17 17:00:00,58.081
2026-01-17 18:00:00,57.862
2026-01-17 19:00:00,56.173
2026-01-17 20:00:00,54.232
2026-01-17 21:00:00,47.99
2026-01-17 22:00:00,48.46
2026-01-17 23:00:00,53.101
2026-01-18 00:00:00,55.269
2026-01-18 01:00:00,58.874
2026-01-18 02:00:00,57.994
2026-01-18 03:00:00,55.72
2026-01-18 04:00:00,58.308
2026-01-18 05:00:00,53.228
2026-01-18 06:00:00,50.139
2026-01-18 07:00:00,56.922
2026-01-18 08:00:00,54.249
2026-01-18 09:00:00,57.281
2026-01-18 10:00:00,61.936
2026-01-18 11:00:00,58.226
2026-01-18 12:00:00,53.025
2026-01-18 13:00:00,50.854
2026-01-18 14:00:00,47.759
2026-01-18 15:00:00,49.269
2026-01-18 16:00:00,54.536
2026-01-18 17:00:00,48.752
2026-01-18 18:00:00,53.772
2026-01-18 19:00:00,55.719
2026-01-18 20:00:00,47.874
2026-01-18 21:00:00,49.216
2026-01-18 22:00:00,53.227
2026-01-18 23:00:00,54.746
2026-01-19 00:00:00,52.552
2026-01-19 01:00:00,56.373
2026-01-19 02:00:00,59.397
2026-01-19 03:00:00,54.119
2026-01-19 04:00:00,52.599
2026-01-19 05:00:00,49.976
2026-01-19 06:00:00,52.583
2026-01-19 07:00:00,50.244
2026-01-19 08:00:00,57.524
2026-01-19 09:00:00,56.024
2026-01-19 10:00:00,56.227
2026-01-19 11:00:00,57.467
2026-01-19 12:00:00,50.502
2026-01-19 13:00:00,49.765
2026-01-19 14:00:00,48.77
2026-01-19 15:00:00,49.076
2026-01-19 16:00:00,54.788
2026-01-19 17:00:00,55.728
2026-01-19 18:00:00,57.88
2026-01-19 19:00:00,53.475
2026-01-19 20:00:00,48.372
2026-01-19 21:00:00,48.39
2026-01-19 22:00:00,50.575
2026-01-19 23:00:00,52.828
2026-01-20 00:00:00,52.522
2026-01-20 01:00:00,53.903
2026-01-20 02:00:00,56.686
2026-01-20 03:00:00,53.548
2026-01-20 04:00:00,54.604
2026-01-20 05:00:00,50.196
2026-01-20 06:00:00,48.194
2026-01-20 07:00:00,48.589
2026-01-20 08:00:00,57.307
2026-01-20 09:00:00,55.444
2026-01-20 10:00:00,58.52
2026-01-20 11:00:00,57.296
2026-01-20 12:00:00,53.966
2026-01-20 13:00:00,49.862
2026-01-20 14:00:00,43.621
2026-01-20 15:00:00,46.409
2026-01-20 16:00:00,48.133
2026-01-20 17:00:00,55.168
2026-01-20 18:00:00,55.901
2026-01-20 19:00:00,54.058
2026-01-20 20:00:00,50.338
2026-01-20 21:00:00,51.122
2026-01-20 22:00:00,49.314
2026-01-20 23:00:00,51.554
2026-01-21 00:00:00,52.121
2026-01-21 01:00:00,55.085
2026-01-21 02:00:00,56.1
2026-01-21 03:00:00,55.539
2026-01-21 04:00:00,51.69
2026-01-21 05:00:00,50.433
2026-01-21 06:00:00,49.211
2026-01-21 07:00:00,55.016
2026-01-21 08:00:00,56.497
2026-01-21 09:00:00,58.341
2026-01-21 10:00:00,55.062
2026-01-21 11:00:00,54.966
2026-01-21 12:00:00,54.276
2026-01-21 13:00:00,49.328
2026-01-21 14:00:00,46.23
2026-01-21 15:00:00,49.466
2026-01-21 16:00:00,52.655
2026-01-21 17:00:00,56.087
2026-01-21 18:00:00,55.352
2026-01-21 19:00:00,51.952
2026-01-21 20:00:00,52.108
2026-01-21 21:00:00,49.499
2026-01-21 22:00:00,43.428
2026-01-21 23:00:00,51.975
2026-01-22 00:00:00,53.91
2026-01-22 01:00:00,56.017
2026-01-22 02:00:00,60.612
2026-01-22 03:00:00,57.491
2026-01-22 04:00:00,56.537
2026-01-22 05:00:00,53.485
2026-01-22 06:00:00,49.041
2026-01-22 07:00:00,51.603
2026-01-22 08:00:00,54.281
2026-01-22 09:00:00,56.104
2026-01-22 10:00:00,59.777
2026-01-22 11:00:00,51.982
2026-01-22 12:00:00,52.513
2026-01-22 13:00:00,46.227
2026-01-22 14:00:00,51.151
2026-01-22 15:00:00,50.049
2026-01-22 16:00:00,52.537
2026-01-22 17:00:00,49.417
2026-01-22 18:00:00,53.996
2026-01-22 19:00:00,53.303
2026-01-22 20:00:00,47.257
2026-01-22 21:00:00,51.213
2026-01-22 22:00:00,52.452
2026-01-22 23:00:00,47.916
2026-01-23 00:00:00,52.932
2026-01-23 01:00:00,52.007
2026-01-23 02:00:00,55.547
2026-01-23 03:00:00,57.386
2026-01-23 04:00:00,53.864
2026-01-23 05:00:00,53.523
2026-01-23 06:00:00,49.438
2026-01-23 07:00:00,52.781
2026-01-23 08:00:00,48.575
2026-01-23 09:00:00,52.641
2026-01-23 10:00:00,55.316
2026-01-23 11:00:00,53.697
2026-01-23 12:00:00,54.895
2026-01-23 13:00:00,50.979
2026-01-23 14:00:00,46.706
2026-01-23 15:00:00,46.042
2026-01-23 16:00:00,47.96
2026-01-23 17:00:00,51.284
2026-01-23 18:00:00,52.491
2026-01-23 19:00:00,52.806
2026-01-23 20:00:00,48.666
2026-01-23 21:00:00,45.171
2026-01-23 22:00:00,46.792
2026-01-23 23:00:00,49.866
2026-01-24 00:00:00,51.348
2026-01-24 01:00:00,55.323
2026-01-24 02:00:00,54.297
2026-01-24 03:00:00,57.342
2026-01-24 04:00:00,54.011
2026-01-24 05:00:00,54.726
2026-01-24 06:00:00,49.997
2026-01-24 07:00:00,53.591
2026-01-24 08:00:00,52.072
2026-01-24 09:00:00,56.732
2026-01-24 10:00:00,54.771
2026-01-24 11:00:00,51.602
2026-01-24 12:00:00,50.474
2026-01-24 13:00:00,46.771
2026-01-24 14:00:00,47.156
2026-01-24 15:00:00,47.934
2026-01-24 16:00:00,48.815
2026-01-24 17:00:00,48.109
2026-01-24 18:00:00,54.18
2026-01-24 19:00:00,53.421
2026-01-24 20:00:00,46.805
2026-01-24 21:00:00,46.356
2026-01-24 22:00:00,49.186
2026-01-24 23:00:00,48.094
2026-01-25 00:00:00,50.348
2026-01-25 01:00:00,57.49
2026-01-25 02:00:00,55.66
2026-01-25 03:00:00,56.55
2026-01-25 04:00:00,53.841
2026-01-25 05:00:00,50.488
2026-01-25 06:00:00,48.713
2026-01-25 07:00:00,49.099
2026-01-25 08:00:00,53.682
2026-01-25 09:00:00,55.004
2026-01-25 10:00:00,55.694
2026-01-25 11:00:00,50.651
2026-01-25 12:00:00,49.794
2026-01-25 13:00:00,45.475
2026-01-25 14:00:00,47.576
2026-01-25 15:00:00,44.977
2026-01-25 16:00:00,46.854
2026-01-25 17:00:00,49.477
2026-01-25 18:00:00,53.895
2026-01-25 19:00:00,52.532
2026-01-25 20:00:00,49.558
2026-01-25 21:00:00,47.346
2026-01-25 22:00:00,45.135
2026-01-25 23:00:00,46.2
2026-01-26 00:00:00,50.176
2026-01-26 01:00:00,53.481
2026-01-26 02:00:00,54.524
2026-01-26 03:00:00,58.286
2026-01-26 04:00:00,54.243
2026-01-26 05:00:00,52.755
2026-01-26 06:00:00,49.772
2026-01-26 07:00:00,49.981
2026-01-26 08:00:00,49.327
2026-01-26 09:00:00,52.821
2026-01-26 10:00:00,56.553
2026-01-26 11:00:00,55.143
2026-01-26 12:00:00,51.826
2026-01-26 13:00:00,47.993
2026-01-26 14:00:00,50.865
2026-01-26 15:00:00,47.069
2026-01-26 16:00:00,49.776
2026-01-26 17:00:00,56.961
2026-01-26 18:00:00,50.451
2026-01-26 19:00:00,49.014
2026-01-26 20:00:00,49.428
2026-01-26 21:00:00,48.474
2026-01-26 22:00:00,42.165
2026-01-26 23:00:00,49.1
2026-01-27 00:00:00,52.179
2026-01-27 01:00:00,56.565
2026-01-27 02:00:00,58.482
2026-01-27 03:00:00,51.441
2026-01-27 04:00:00,50.046
2026-01-27 05:00:00,46.771
2026-01-27 06:00:00,49.963
2026-01-27 07:00:00,45.064
2026-01-27 08:00:00,53.563
2026-01-27 09:00:00,55.268
2026-01-27 10:00:00,53.266
2026-01-27 11:00:00,52.389
2026-01-27 12:00:00,48.111
2026-01-27 13:00:00,45.025
2026-01-27 14:00:00,45.442
2026-01-27 15:00:00,47.988
2026-01-27 16:00:00,51.248
2026-01-27 17:00:00,53.466
2026-01-27 18:00:00,49.32
2026-01-27 19:00:00,46.386
2026-01-27 20:00:00,49.037
2026-01-27 21:00:00,47.207
2026-01-27 22:00:00,43.882
2026-01-27 23:00:00,49.341
2026-01-28 00:00:00,54.366
2026-01-28 01:00:00,51.08
2026-01-28 02:00:00,53.475
2026-01-28 03:00:00,53.338
2026-01-28 04:00:00,49.194
2026-01-28 05:00:00,51.075
2026-01-28 06:00:00,47.419
2026-01-28 07:00:00,53.449
2026-01-28 08:00:00,55.615
2026-01-28 09:00:00,51.941
2026-01-28 10:00:00,52.553
2026-01-28 11:00:00,52.978
2026-01-28 12:00:00,54.562
2026-01-28 13:00:00,46.899
2026-01-28 14:00:00,48.182
2026-01-28 15:00:00,47.355
2026-01-28 16:00:00,48.649
2026-01-28 17:00:00,52.821
2026-01-28 18:00:00,54.068
2026-01-28 19:00:00,49.568
2026-01-28 20:00:00,49.165
2026-01-28 21:00:00,45.448
2026-01-28 22:00:00,43.321
2026-01-28 23:00:00,49.474
2026-01-29 00:00:00,47.187
2026-01-29 01:00:00,52.566
2026-01-29 02:00:00,57.614
2026-01-29 03:00:00,57.553
2026-01-29 04:00:00,50.748
2026-01-29 05:00:00,50.075
2026-01-29 06:00:00,47.112
2026-01-29 07:00:00,46.632
2026-01-29 08:00:00,50.441
2026-01-29 09:00:00,52.739
2026-01-29 10:00:00,57.194
2026-01-29 11:00:00,53.914
2026-01-29 12:00:00,48.839
2026-01-29 13:00:00,47.605
2026-01-29 14:00:00,46.439
2026-01-29 15:00:00,48.525
2026-01-29 16:00:00,47.673
2026-01-29 17:00:00,51.629
2026-01-29 18:00:00,55.031
2026-01-29 19:00:00,52.697
2026-01-29 20:00:00,49.382
2026-01-29 21:00:00,43.902
2026-01-29 22:00:00,46.925
2026-01-29 23:00:00,44.642
2026-01-30 00:00:00,46.703
2026-01-30 01:00:00,53.074
2026-01-30 02:00:00,54.814
2026-01-30 03:00:00,54.133
2026-01-30 04:00:00,50.871
2026-01-30 05:00:00,46.458
2026-01-30 06:00:00,48.186
2026-01-30 07:00:00,51.37
2026-01-30 08:00:00,54.058
2026-01-30 09:00:00,57.378
2026-01-30 10:00:00,53.144
2026-01-30 11:00:00,51.99
2026-01-30 12:00:00,46.024
2026-01-30 13:00:00,49.021
2026-01-30 14:00:00,45.151
2026-01-30 15:00:00,48.496
2026-01-30 16:00:00,47.528
2026-01-30 17:00:00,49.563
2026-01-30 18:00:00,53.229
2026-01-30 19:00:00,50.525
2026-01-30 20:00:00,44.965
2026-01-30 21:00:00,48.444
2026-01-30 22:00:00,49.815
2026-01-30 23:00:00,45.928
2026-01-31 00:00:00,46.403
2026-01-31 01:00:00,53.952
2026-01-31 02:00:00,52.918
2026-01-31 03:00:00,54.456
2026-01-31 04:00:00,50.189
2026-01-31 05:00:00,48.231
2026-01-31 06:00:00,46.37
2026-01-31 07:00:00,47.822
2026-01-31 08:00:00,48.655
2026-01-31 09:00:00,52.897
2026-01-31 10:00:00,50.864
2026-01-31 11:00:00,53.018
2026-01-31 12:00:00,52.171
2026-01-31 13:00:00,45.87
2026-01-31 14:00:00,43.183
2026-01-31 15:00:00,41.345
2026-01-31 16:00:00,47.888
2026-01-31 17:00:00,51.741
2026-01-31 18:00:00,48.293
2026-01-31 19:00:00,52.371
2026-01-31 20:00:00,46.064
2026-01-31 21:00:00,47.146
2026-01-31 22:00:00,42.2
2026-01-31 23:00:00,46.404
2026-02-01 00:00:00,51.583
2026-02-01 01:00:00,51.68
2026-02-01 02:00:00,52.916
2026-02-01 03:00:00,51.503
2026-02-01 04:00:00,51.531
2026-02-01 05:00:00,45.353
2026-02-01 06:00:00,46.032
2026-02-01 07:00:00,46.312
2026-02-01 08:00:00,49.784
2026-02-01 09:00:00,54.713
2026-02-01 10:00:00,51.128
2026-02-01 11:00:00,49.238
2026-02-01 12:00:00,49.133
2026-02-01 13:00:00,45.104
2026-02-01 14:00:00,42.248
2026-02-01 15:00:00,44.879
2026-02-01 16:00:00,41.832
2026-02-01 17:00:00,48.969
2026-02-01 18:00:00,51.82
2026-02-01 19:00:00,50.208
2026-02-01 20:00:00,48.343
2026-02-01 21:00:00,44.771
2026-02-01 22:00:00,44.025
2026-02-01 23:00:00,46.45
2026-02-02 00:00:00,46.612
2026-02-02 01:00:00,52.134
2026-02-02 02:00:00,51.437
2026-02-02 03:00:00,53.382
2026-02-02 04:00:00,50.187
2026-02-02 05:00:00,48.801
2026-02-02 06:00:00,45.706
2026-02-02 07:00:00,46.223
2026-02-02 08:00:00,52.56
2026-02-02 09:00:00,55.591
2026-02-02 10:00:00,51.968
2026-02-02 11:00:00,50.569
2026-02-02 12:00:00,49.576
2026-02-02 13:00:00,46.822
2026-02-02 14:00:00,47.565
2026-02-02 15:00:00,44.743
2026-02-02 16:00:00,49.249
2026-02-02 17:00:00,47.96
2026-02-02 18:00:00,46.784
2026-02-02 19:00:00,50.029
2026-02-02 20:00:00,44.907
2026-02-02 21:00:00,46.502
2026-02-02 22:00:00,47.364
2026-02-02 23:00:00,42.762
2026-02-03 00:00:00,48.755
2026-02-03 01:00:00,53.953
2026-02-03 02:00:00,51.8
2026-02-03 03:00:00,55.247
2026-02-03 04:00:00,50.531
2026-02-03 05:00:00,48.722
2026-02-03 06:00:00,45.438
2026-02-03 07:00:00,46.855
2026-02-03 08:00:00,51.526
2026-02-03 09:00:00,54.414
2026-02-03 10:00:00,55.098
2026-02-03 11:00:00,52.246
2026-02-03 12:00:00,46.918
2026-02-03 13:00:00,47.152
2026-02-03 14:00:00,51.189
2026-02-03 15:00:00,45.108
2026-02-03 16:00:00,48.049
2026-02-03 17:00:00,51.407
2026-02-03 18:00:00,48.627
2026-02-03 19:00:00,47.328
2026-02-03 20:00:00,48.04
2026-02-03 21:00:00,41.791
2026-02-03 22:00:00,45.702
2026-02-03 23:00:00,49.934
2026-02-04 00:00:00,50.617
2026-02-04 01:00:00,51.308
2026-02-04 02:00:00,53.052
2026-02-04 03:00:00,52.8
2026-02-04 04:00:00,49.596
2026-02-04 05:00:00,47.16
2026-02-04 06:00:00,48.762
2026-02-04 07:00:00,49.303
2026-02-04 08:00:00,50.155
2026-02-04 09:00:00,55.232
2026-02-04 10:00:00,51.494
2026-02-04 11:00:00,51.586
2026-02-04 12:00:00,47.827
2026-02-04 13:00:00,45.717
2026-02-04 14:00:00,43.533
2026-02-04 15:00:00,45.414
2026-02-04 16:00:00,47.507
2026-02-04 17:00:00,47.332
2026-02-04 18:00:00,51.348
2026-02-04 19:00:00,49.252
2026-02-04 20:00:00,45.794
2026-02-04 21:00:00,46.172
2026-02-04 22:00:00,45.412
2026-02-04 23:00:00,48.487
2026-02-05 00:00:00,43.769
2026-02-05 01:00:00,51.89
2026-02-05 02:00:00,53.015
2026-02-05 03:00:00,50.609
2026-02-05 04:00:00,47.425
2026-02-05 05:00:00,44.025
2026-02-05 06:00:00,49.118
2026-02-05 07:00:00,47.021
2026-02-05 08:00:00,53.152
2026-02-05 09:00:00,52.707
2026-02-05 10:00:00,55.718
2026-02-05 11:00:00,51.671
2026-02-05 12:00:00,50.13
2026-02-05 13:00:00,45.471
2026-02-05 14:00:00,42.74
2026-02-05 15:00:00,44.528
2026-02-05 16:00:00,47.035
2026-02-05 17:00:00,50.092
2026-02-05 18:00:00,53.468
2026-02-05 19:00:00,50.607
2026-02-05 20:00:00,49.434
2026-02-05 21:00:00,46.151
2026-02-05 22:00:00,43.378
2026-02-05 23:00:00,48.621
2026-02-06 00:00:00,48.67
2026-02-06 01:00:00,55.877
2026-02-06 02:00:00,53.346
2026-02-06 03:00:00,56.684
2026-02-06 04:00:00,49.083
2026-02-06 05:00:00,49.882
2026-02-06 06:00:00,47.522
2026-02-06 07:00:00,47.811
2026-02-06 08:00:00,50.252
2026-02-06 09:00:00,52.613
2026-02-06 10:00:00,54.251
2026-02-06 11:00:00,51.544
2026-02-06 12:00:00,47.762
2026-02-06 13:00:00,43.453
2026-02-06 14:00:00,41.544
2026-02-06 15:00:00,45.626
2026-02-06 16:00:00,48.069
2026-02-06 17:00:00,50.186
2026-02-06 18:00:00,48.435
2026-02-06 19:00:00,51.603
2026-02-06 20:00:00,47.609
2026-02-06 21:00:00,49.548
2026-02-06 22:00:00,45.862
2026-02-06 23:00:00,45.88
2026-02-07 00:00:00,50.231
2026-02-07 01:00:00,49.933
2026-02-07 02:00:00,51.738
2026-02-07 03:00:00,52.794
2026-02-07 04:00:00,50.509
2026-02-07 05:00:00,47.752
2026-02-07 06:00:00,47.482
2026-02-07 07:00:00,50.588
2026-02-07 08:00:00,52.954
2026-02-07 09:00:00,56.6
2026-02-07 10:00:00,52.393
2026-02-07 11:00:00,52.117
2026-02-07 12:00:00,49.295
2026-02-07 13:00:00,47.832
2026-02-07 14:00:00,48.481
2026-02-07 15:00:00,44.711
2026-02-07 16:00:00,47.251
2026-02-07 17:00:00,47.541
2026-02-07 18:00:00,50.911
2026-02-07 19:00:00,48.54
2026-02-07 20:00:00,44.531
2026-02-07 21:00:00,46.403
2026-02-07 22:00:00,43.849
2026-02-07 23:00:00,48.095
2026-02-08 00:00:00,48.86
2026-02-08 01:00:00,50.992
2026-02-08 02:00:00,52.506
2026-02-08 03:00:00,52.224
2026-02-08 04:00:00,49.774
2026-02-08 05:00:00,45.039
2026-02-08 06:00:00,47.434
2026-02-08 07:00:00,50.07
2026-02-08 08:00:00,56.421
2026-02-08 09:00:00,56.426
2026-02-08 10:00:00,56.366
2026-02-08 11:00:00,52.874
2026-02-08 12:00:00,47.473
2026-02-08 13:00:00,47.615
2026-02-08 14:00:00,43.527
2026-02-08 15:00:00,43.703
2026-02-08 16:00:00,48.936
2026-02-08 17:00:00,50.005
2026-02-08 18:00:00,47.961
2026-02-08 19:00:00,48.076
2026-02-08 20:00:00,44.446
2026-02-08 21:00:00,46.221
2026-02-08 22:00:00,42.853
2026-02-08 23:00:00,45.046
2026-02-09 00:00:00,44.744
2026-02-09 01:00:00,54.423
2026-02-09 02:00:00,50.771
2026-02-09 03:00:00,52.561
2026-02-09 04:00:00,53.018
2026-02-09 05:00:00,51.104
2026-02-09 06:00:00,50.848
2026-02-09 07:00:00,51.627
2026-02-09 08:00:00,51.425
2026-02-09 09:00:00,50.741
2026-02-09 10:00:00,56.034
2026-02-09 11:00:00,57.547
2026-02-09 12:00:00,46.974
2026-02-09 13:00:00,45.742
2026-02-09 14:00:00,46.597
2026-02-09 15:00:00,46.205
2026-02-09 16:00:00,51.233
2026-02-09 17:00:00,49.959
2026-02-09 18:00:00,50.201
2026-02-09 19:00:00,50.641
2026-02-09 20:00:00,45.534
2026-02-09 21:00:00,44.223
2026-02-09 22:00:00,47.751
2026-02-09 23:00:00,45.833
2026-02-10 00:00:00,54.124
2026-02-10 01:00:00,54.804
2026-02-10 02:00:00,51.775
2026-02-10 03:00:00,56.067
2026-02-10 04:00:00,52.276
2026-02-10 05:00:00,48.104
2026-02-10 06:00:00,54.036
2026-02-10 07:00:00,51.386
2026-02-10 08:00:00,49.352
2026-02-10 09:00:00,54.628
2026-02-10 10:00:00,54.917
2026-02-10 11:00:00,55.267
2026-02-10 12:00:00,49.168
2026-02-10 13:00:00,44.543
2026-02-10 14:00:00,46.814
2026-02-10 15:00:00,48.86
2026-02-10 16:00:00,45.891
2026-02-10 17:00:00,51.385
2026-02-10 18:00:00,52.89
2026-02-10 19:00:00,52.447
2026-02-10 20:00:00,45.881
2026-02-10 21:00:00,44.346
2026-02-10 22:00:00,46.869
2026-02-10 23:00:00,47.23
2026-02-11 00:00:00,51.8
2026-02-11 01:00:00,53.336
2026-02-11 02:00:00,56.885
2026-02-11 03:00:00,52.03
2026-02-11 04:00:00,49.935
2026-02-11 05:00:00,47.125
2026-02-11 06:00:00,48.487
2026-02-11 07:00:00,52.215
2026-02-11 08:00:00,53.154
2026-02-11 09:00:00,55.635
2026-02-11 10:00:00,53.561
2026-02-11 11:00:00,55.912
2026-02-11 12:00:00,52.757
2026-02-11 13:00:00,48.191
2026-02-11 14:00:00,48.227
2026-02-11 15:00:00,43.832
2026-02-11 16:00:00,44.567
2026-02-11 17:00:00,48.165
2026-02-11 18:00:00,48.425
2026-02-11 19:00:00,49.984
2026-02-11 20:00:00,51.84
2026-02-11 21:00:00,44.583
2026-02-11 22:00:00,47.139
2026-02-11 23:00:00,44.024
2026-02-12 00:00:00,45.585
2026-02-12 01:00:00,54.807
2026-02-12 02:00:00,54.867
2026-02-12 03:00:00,52.396
2026-02-12 04:00:00,55.341
2026-02-12 05:00:00,48.414
2026-02-12 06:00:00,49.453
2026-02-12 07:00:00,50.37
2026-02-12 08:00:00,53.909
2026-02-12 09:00:00,54.678
2026-02-12 10:00:00,56.716
2026-02-12 11:00:00,54.958
2026-02-12 12:00:00,51.506
2026-02-12 13:00:00,48.496
2026-02-12 14:00:00,49.438
2026-02-12 15:00:00,50.275
2026-02-12 16:00:00,45.329
2026-02-12 17:00:00,49.957
2026-02-12 18:00:00,52.529
2026-02-12 19:00:00,50.679
2026-02-12 20:00:00,48.269
2026-02-12 21:00:00,49.625
2026-02-12 22:00:00,50.364
2026-02-12 23:00:00,50.416
2026-02-13 00:00:00,50.711
2026-02-13 01:00:00,52.388
2026-02-13 02:00:00,51.321
2026-02-13 03:00:00,49.721
2026-02-13 04:00:00,55.011
2026-02-13 05:00:00,49.767
2026-02-13 06:00:00,46.475
2026-02-13 07:00:00,47.902
2026-02-13 08:00:00,50.942
2026-02-13 09:00:00,58.437
2026-02-13 10:00:00,55.311
2026-02-13 11:00:00,54.244
2026-02-13 12:00:00,53.025
2026-02-13 13:00:00,45.474
2026-02-13 14:00:00,48.165
2026-02-13 15:00:00,50.352
2026-02-13 16:00:00,49.349
2026-02-13 17:00:00,51.082
2026-02-13 18:00:00,55.614
2026-02-13 19:00:00,51.906
2026-02-13 20:00:00,50.587
2026-02-13 21:00:00,46.799
2026-02-13 22:00:00,45.281
2026-02-13 23:00:00,48.869
2026-02-14 00:00:00,56.046
2026-02-14 01:00:00,53.54
2026-02-14 02:00:00,52.873
2026-02-14 03:00:00,54.265
2026-02-14 04:00:00,53.034
2026-02-14 05:00:00,52.303
2026-02-14 06:00:00,48.911
2026-02-14 07:00:00,50.819
2026-02-14 08:00:00,55.997
2026-02-14 09:00:00,57.625
2026-02-14 10:00:00,50.976
2026-02-14 11:00:00,54.178
2026-02-14 12:00:00,48.31
2026-02-14 13:00:00,45.535
2026-02-14 14:00:00,49.569
2026-02-14 15:00:00,43.602
2026-02-14 16:00:00,48.549
2026-02-14 17:00:00,56.117
2026-02-14 18:00:00,49.343
2026-02-14 19:00:00,52.136
2026-02-14 20:00:00,46.584
2026-02-14 21:00:00,45.725
2026-02-14 22:00:00,47.72
2026-02-14 23:00:00,46.793
2026-02-15 00:00:00,52.756
2026-02-15 01:00:00,50.246
2026-02-15 02:00:00,53.586
2026-02-15 03:00:00,56.672
2026-02-15 04:00:00,54.559
2026-02-15 05:00:00,54.574
2026-02-15 06:00:00,50.202
2026-02-15 07:00:00,48.109
2026-02-15 08:00:00,52.595
2026-02-15 09:00:00,54.162
2026-02-15 10:00:00,55.825
2026-02-15 11:00:00,58.07
2026-02-15 12:00:00,53.212
2026-02-15 13:00:00,48.296
2026-02-15 14:00:00,47.3
2026-02-15 15:00:00,49.239
2026-02-15 16:00:00,52.093
2026-02-15 17:00:00,52.042
2026-02-15 18:00:00,53.318
2026-02-15 19:00:00,55.712
2026-02-15 20:00:00,53.479
2026-02-15 21:00:00,46.617
2026-02-15 22:00:00,47.79
2026-02-15 23:00:00,48.704
2026-02-16 00:00:00,53.327
2026-02-16 01:00:00,52.733
2026-02-16 02:00:00,56.518
2026-02-16 03:00:00,55.555
2026-02-16 04:00:00,55.836
2026-02-16 05:00:00,51.242
2026-02-16 06:00:00,52.371
2026-02-16 07:00:00,51.893
2026-02-16 08:00:00,55.816
2026-02-16 09:00:00,56.556
2026-02-16 10:00:00,56.824
2026-02-16 11:00:00,57.014
2026-02-16 12:00:00,55.004
2026-02-16 13:00:00,48.985
2026-02-16 14:00:00,43.969
2026-02-16 15:00:00,49.129
2026-02-16 16:00:00,51.453
2026-02-16 17:00:00,52.16
2026-02-16 18:00:00,51.52
2026-02-16 19:00:00,50.954
2026-02-16 20:00:00,50.996
2026-02-16 21:00:00,50.196
2026-02-16 22:00:00,50.361
2026-02-16 23:00:00,49.549
2026-02-17 00:00:00,54.78
2026-02-17 01:00:00,57.558
2026-02-17 02:00:00,58.663
2026-02-17 03:00:00,58.001
2026-02-17 04:00:00,54.459
2026-02-17 05:00:00,53.639
2026-02-17 06:00:00,52.241
2026-02-17 07:00:00,52.843
2026-02-17 08:00:00,59.338
2026-02-17 09:00:00,56.597
2026-02-17 10:00:00,60.288
2026-02-17 11:00:00,52.184
2026-02-17 12:00:00,55.753
2026-02-17 13:00:00,51.669
2026-02-17 14:00:00,47.844
2026-02-17 15:00:00,48.871
2026-02-17 16:00:00,54.084
2026-02-17 17:00:00,54.886
2026-02-17 18:00:00,54.544
2026-02-17 19:00:00,53.274
2026-02-17 20:00:00,51.54
2026-02-17 21:00:00,50.375
2026-02-17 22:00:00,52.183
2026-02-17 23:00:00,48.587
2026-02-18 00:00:00,53.349
2026-02-18 01:00:00,57.924
2026-02-18 02:00:00,59.162
2026-02-18 03:00:00,55.869
2026-02-18 04:00:00,56.015
2026-02-18 05:00:00,48.251
2026-02-18 06:00:00,52.914
2026-02-18 07:00:00,52.609
2026-02-18 08:00:00,53.075
2026-02-18 09:00:00,56.649
2026-02-18 10:00:00,55.416
2026-02-18 11:00:00,57.397
2026-02-18 12:00:00,53.319
2026-02-18 13:00:00,50.089
2026-02-18 14:00:00,51.345
2026-02-18 15:00:00,47.376
2026-02-18 16:00:00,50.829
2026-02-18 17:00:00,55.24
2026-02-18 18:00:00,56.936
2026-02-18 19:00:00,57.04
2026-02-18 20:00:00,48.669
2026-02-18 21:00:00,50.5
2026-02-18 22:00:00,49.401
2026-02-18 23:00:00,52.131
2026-02-19 00:00:00,53.178
2026-02-19 01:00:00,53.915
2026-02-19 02:00:00,58.349
2026-02-19 03:00:00,54.61
2026-02-19 04:00:00,51.613
2026-02-19 05:00:00,52.583
2026-02-19 06:00:00,53.931
2026-02-19 07:00:00,57.645
2026-02-19 08:00:00,54.238
2026-02-19 09:00:00,57.186
2026-02-19 10:00:00,58.509
2026-02-19 11:00:00,57.92
2026-02-19 12:00:00,56.906
2026-02-19 13:00:00,52.551
2026-02-19 14:00:00,49.623
2026-02-19 15:00:00,50.709
2026-02-19 16:00:00,52.184
2026-02-19 17:00:00,53.392
2026-02-19 18:00:00,55.292
2026-02-19 19:00:00,51.181
2026-02-19 20:00:00,57.402
2026-02-19 21:00:00,51.751
2026-02-19 22:00:00,50.902
2026-02-19 23:00:00,53.199
2026-02-20 00:00:00,53.273
2026-02-20 01:00:00,57.222
2026-02-20 02:00:00,59.775
2026-02-20 03:00:00,61.375
2026-02-20 04:00:00,57.97
2026-02-20 05:00:00,51.152
2026-02-20 06:00:00,51.953
2026-02-20 07:00:00,53.102
2026-02-20 08:00:00,55.503
2026-02-20 09:00:00,60.58
2026-02-20 10:00:00,58.427
2026-02-20 11:00:00,55.442
2026-02-20 12:00:00,54.047
2026-02-20 13:00:00,52.561
2026-02-20 14:00:00,49.1
2026-02-20 15:00:00,50.601
2026-02-20 16:00:00,52.244
2026-02-20 17:00:00,57.708
2026-02-20 18:00:00,56.555
2026-02-20 19:00:00,57.326
2026-02-20 20:00:00,51.106
2026-02-20 21:00:00,48.442
2026-02-20 22:00:00,49.909
2026-02-20 23:00:00,50.409
2026-02-21 00:00:00,54.004
2026-02-21 01:00:00,56.306
2026-02-21 02:00:00,59.208
2026-02-21 03:00:00,58.207
2026-02-21 04:00:00,53.42
2026-02-21 05:00:00,54.236
2026-02-21 06:00:00,50.7
2026-02-21 07:00:00,54.744
2026-02-21 08:00:00,59.165
2026-02-21 09:00:00,60.579
2026-02-21 10:00:00,57.911
2026-02-21 11:00:00,53.526
2026-02-21 12:00:00,58.648
2026-02-21 13:00:00,52.424
2026-02-21 14:00:00,48.322
2026-02-21 15:00:00,46.942
2026-02-21 16:00:00,52.465
2026-02-21 17:00:00,56.507
2026-02-21 18:00:00,56.499
2026-02-21 19:00:00,56.286
2026-02-21 20:00:00,55.89
2026-02-21 21:00:00,48.337
2026-02-21 22:00:00,48.788
2026-02-21 23:00:00,51.458
2026-02-22 00:00:00,55.419
2026-02-22 01:00:00,57.245
2026-02-22 02:00:00,59.53
2026-02-22 03:00:00,59.123
2026-02-22 04:00:00,57.722
2026-02-22 05:00:00,51.803
2026-02-22 06:00:00,51.092
2026-02-22 07:00:00,52.452
2026-02-22 08:00:00,54.642
2026-02-22 09:00:00,62.43
2026-02-22 10:00:00,58.392
2026-02-22 11:00:00,58.659
2026-02-22 12:00:00,53.885
2026-02-22 13:00:00,51.217
2026-02-22 14:00:00,50.949
2026-02-22 15:00:00,53.459
2026-02-22 16:00:00,53.965
2026-02-22 17:00:00,53.69
2026-02-22 18:00:00,52.636
2026-02-22 19:00:00,55.372
2026-02-22 20:00:00,51.315
2026-02-22 21:00:00,49.59
2026-02-22 22:00:00,49.688
2026-02-22 23:00:00,50.485
2026-02-23 00:00:00,53.938
2026-02-23 01:00:00,56.438
2026-02-23 02:00:00,58.696
2026-02-23 03:00:00,59.122
2026-02-23 04:00:00,52.651
2026-02-23 05:00:00,50.588
2026-02-23 06:00:00,55.781
2026-02-23 07:00:00,56.546
2026-02-23 08:00:00,56.152
2026-02-23 09:00:00,61.481
2026-02-23 10:00:00,61.515
2026-02-23 11:00:00,58.965
2026-02-23 12:00:00,57.345
2026-02-23 13:00:00,49.31
2026-02-23 14:00:00,49.554
2026-02-23 15:00:00,47.467
2026-02-23 16:00:00,52.403
2026-02-23 17:00:00,55.059
2026-02-23 18:00:00,57.712
2026-02-23 19:00:00,56.146
2026-02-23 20:00:00,52.456
2026-02-23 21:00:00,52.689
2026-02-23 22:00:00,48.505
2026-02-23 23:00:00,49.759
2026-02-24 00:00:00,55.558
2026-02-24 01:00:00,58.985
2026-02-24 02:00:00,58.048
2026-02-24 03:00:00,58.467
2026-02-24 04:00:00,58.19
2026-02-24 05:00:00,55.499
2026-02-24 06:00:00,50.153
2026-02-24 07:00:00,53.423
2026-02-24 08:00:00,53.924
2026-02-24 09:00:00,57.826
2026-02-24 10:00:00,58.863
2026-02-24 11:00:00,58.277
2026-02-24 12:00:00,59.182
2026-02-24 13:00:00,48.407
2026-02-24 14:00:00,46.446
2026-02-24 15:00:00,48.12
2026-02-24 16:00:00,54.018
2026-02-24 17:00:00,55.204
2026-02-24 18:00:00,56.466
2026-02-24 19:00:00,57.825
2026-02-24 20:00:00,52.989
2026-02-24 21:00:00,47.983
2026-02-24 22:00:00,48.807
2026-02-24 23:00:00,50.627
2026-02-25 00:00:00,54.647
2026-02-25 01:00:00,56.163
2026-02-25 02:00:00,56.581
2026-02-25 03:00:00,55.725
2026-02-25 04:00:00,54.318
2026-02-25 05:00:00,55.061
2026-02-25 06:00:00,51.165
2026-02-25 07:00:00,51.411
2026-02-25 08:00:00,59.854
2026-02-25 09:00:00,58.314
2026-02-25 10:00:00,58.349
2026-02-25 11:00:00,59.491
2026-02-25 12:00:00,59.231
2026-02-25 13:00:00,48.971
2026-02-25 14:00:00,52.902
2026-02-25 15:00:00,51.047
2026-02-25 16:00:00,51.457
2026-02-25 17:00:00,55.919
2026-02-25 18:00:00,54.393
2026-02-25 19:00:00,52.393
2026-02-25 20:00:00,52.972
2026-02-25 21:00:00,53.826
2026-02-25 22:00:00,48.839
2026-02-25 23:00:00,48.952
2026-02-26 00:00:00,52.603
2026-02-26 01:00:00,60.313
2026-02-26 02:00:00,59.542
2026-02-26 03:00:00,62.205
2026-02-26 04:00:00,55.73
2026-02-26 05:00:00,54.007
2026-02-26 06:00:00,50.447
2026-02-26 07:00:00,56.108
2026-02-26 08:00:00,57.903
2026-02-26 09:00:00,62.093
2026-02-26 10:00:00,60.39
2026-02-26 11:00:00,56.814
2026-02-26 12:00:00,51.966
2026-02-26 13:00:00,51.907
2026-02-26 14:00:00,49.645
2026-02-26 15:00:00,47.391
2026-02-26 16:00:00,50.347
2026-02-26 17:00:00,54.283
2026-02-26 18:00:00,55.589
2026-02-26 19:00:00,55.07
2026-02-26 20:00:00,57.189
2026-02-26 21:00:00,46.903
2026-02-26 22:00:00,50.207
2026-02-26 23:00:00,49.761
2026-02-27 00:00:00,57.103
2026-02-27 01:00:00,60.907
2026-02-27 02:00:00,58.085
2026-02-27 03:00:00,59.608
2026-02-27 04:00:00,59.063
2026-02-27 05:00:00,53.194
2026-02-27 06:00:00,55.497
2026-02-27 07:00:00,54.152
2026-02-27 08:00:00,55.891
2026-02-27 09:00:00,56.979
2026-02-27 10:00:00,57.896
2026-02-27 11:00:00,56.779
2026-02-27 12:00:00,56.44
2026-02-27 13:00:00,49.042
2026-02-27 14:00:00,48.828
2026-02-27 15:00:00,52.285
2026-02-27 16:00:00,50.103
2026-02-27 17:00:00,58.818
2026-02-27 18:00:00,58.163
2026-02-27 19:00:00,56.212
2026-02-27 20:00:00,50.077
2026-02-27 21:00:00,48.926
2026-02-27 22:00:00,52.078
2026-02-27 23:00:00,53.485
2026-02-28 00:00:00,55.512
2026-02-28 01:00:00,58.322
2026-02-28 02:00:00,57.67
2026-02-28 03:00:00,56.266
2026-02-28 04:00:00,53.462
2026-02-28 05:00:00,54.54
2026-02-28 06:00:00,57.274
2026-02-28 07:00:00,55.638
2026-02-28 08:00:00,59.41
2026-02-28 09:00:00,62.127
2026-02-28 10:00:00,59.014
2026-02-28 11:00:00,56.573
2026-02-28 12:00:00,55.781
2026-02-28 13:00:00,51.002
2026-02-28 14:00:00,48.559
2026-02-28 15:00:00,51.555
2026-02-28 16:00:00,51.963
2026-02-28 17:00:00,55.572
2026-02-28 18:00:00,54.916
2026-02-28 19:00:00,52.672
2026-02-28 20:00:00,50.116
2026-02-28 21:00:00,50.322
2026-02-28 22:00:00,51.115
2026-02-28 23:00:00,53.373
2026-03-01 00:00:00,56.579
2026-03-01 01:00:00,58.457
2026-03-01 02:00:00,57.271
2026-03-01 03:00:00,60.292
2026-03-01 04:00:00,57.188
2026-03-01 05:00:00,53.686
2026-03-01 06:00:00,52.182
2026-03-01 07:00:00,54.996
2026-03-01 08:00:00,58.847
2026-03-01 09:00:00,61.005
2026-03-01 10:00:00,61.271
2026-03-01 11:00:00,54.91
2026-03-01 12:00:00,55.753
2026-03-01 13:00:00,50.762
2026-03-01 14:00:00,51.021
2026-03-01 15:00:00,49.153
2026-03-01 16:00:00,55.459
2026-03-01 17:00:00,54.467
2026-03-01 18:00:00,53.333
2026-03-01 19:00:00,55.767
2026-03-01 20:00:00,53.269
2026-03-01 21:00:00,51.495
2026-03-01 22:00:00,51.067
2026-03-01 23:00:00,55.204
2026-03-02 00:00:00,55.512
2026-03-02 01:00:00,55.899
2026-03-02 02:00:00,61.124
2026-03-02 03:00:00,57.074
2026-03-02 04:00:00,56.015
2026-03-02 05:00:00,54.167
2026-03-02 06:00:00,49.715
2026-03-02 07:00:00,56.392
2026-03-02 08:00:00,54.396
2026-03-02 09:00:00,58.039
2026-03-02 10:00:00,61.365
2026-03-02 11:00:00,60.353
2026-03-02 12:00:00,52.772
2026-03-02 13:00:00,52.683
2026-03-02 14:00:00,49.029
2026-03-02 15:00:00,49.578
2026-03-02 16:00:00,51.958
2026-03-02 17:00:00,56.828
2026-03-02 18:00:00,58.775
2026-03-02 19:00:00,49.873
2026-03-02 20:00:00,52.258
2026-03-02 21:00:00,52.198
2026-03-02 22:00:00,49.077
2026-03-02 23:00:00,50.817
2026-03-03 00:00:00,56.216
2026-03-03 01:00:00,61.298
2026-03-03 02:00:00,57.227
2026-03-03 03:00:00,58.554
2026-03-03 04:00:00,55.705
2026-03-03 05:00:00,51.577
2026-03-03 06:00:00,51.635
2026-03-03 07:00:00,53.95
2026-03-03 08:00:00,55.854
2026-03-03 09:00:00,59.142
2026-03-03 10:00:00,59.555
2026-03-03 11:00:00,55.179
2026-03-03 12:00:00,53.609
2026-03-03 13:00:00,48.055
2026-03-03 14:00:00,49.814
2026-03-03 15:00:00,49.879
2026-03-03 16:00:00,56.084
2026-03-03 17:00:00,55.711
2026-03-03 18:00:00,57.572
2026-03-03 19:00:00,53.459
2026-03-03 20:00:00,52.337
2026-03-03 21:00:00,48.806
2026-03-03 22:00:00,54.134
2026-03-03 23:00:00,51.724
2026-03-04 00:00:00,55.475
2026-03-04 01:00:00,55.763
2026-03-04 02:00:00,57.845
2026-03-04 03:00:00,57.321
2026-03-04 04:00:00,53.618
2026-03-04 05:00:00,51.714
2026-03-04 06:00:00,54.638
2026-03-04 07:00:00,55.943
2026-03-04 08:00:00,55.132
2026-03-04 09:00:00,53.549
2026-03-04 10:00:00,58.857
2026-03-04 11:00:00,57.826
2026-03-04 12:00:00,56.35
2026-03-04 13:00:00,49.625
2026-03-04 14:00:00,49.072
2026-03-04 15:00:00,49.956
2026-03-04 16:00:00,51.397
2026-03-04 17:00:00,52.882
2026-03-04 18:00:00,54.89
2026-03-04 19:00:00,53.733
2026-03-04 20:00:00,49.95
2026-03-04 21:00:00,46.904
2026-03-04 22:00:00,49.308
2026-03-04 23:00:00,52.357
2026-03-05 00:00:00,48.798
2026-03-05 01:00:00,52.118
2026-03-05 02:00:00,56.583
2026-03-05 03:00:00,54.696
2026-03-05 04:00:00,53.587
2026-03-05 05:00:00,55.092
2026-03-05 06:00:00,50.333
2026-03-05 07:00:00,54.367
2026-03-05 08:00:00,53.496
2026-03-05 09:00:00,59.732
2026-03-05 10:00:00,58.979
2026-03-05 11:00:00,58.614
2026-03-05 12:00:00,51.223
2026-03-05 13:00:00,52.816
2026-03-05 14:00:00,49.205
2026-03-05 15:00:00,48.613
2026-03-05 16:00:00,50.884
2026-03-05 17:00:00,54.561
2026-03-05 18:00:00,54.599
2026-03-05 19:00:00,54.172
2026-03-05 20:00:00,51.768
2026-03-05 21:00:00,46.834
2026-03-05 22:00:00,49.592
2026-03-05 23:00:00,50.813
2026-03-06 00:00:00,54.503
2026-03-06 01:00:00,57.197
2026-03-06 02:00:00,58.811
2026-03-06 03:00:00,55.732
2026-03-06 04:00:00,55.685
2026-03-06 05:00:00,50.952
2026-03-06 06:00:00,50.466
2026-03-06 07:00:00,53.509
2026-03-06 08:00:00,56.634
2026-03-06 09:00:00,57.98
2026-03-06 10:00:00,61.705
2026-03-06 11:00:00,58.195
2026-03-06 12:00:00,55.258
2026-03-06 13:00:00,50.306
2026-03-06 14:00:00,46.698
2026-03-06 15:00:00,50.574
2026-03-06 16:00:00,48.736
2026-03-06 17:00:00,55.174
2026-03-06 18:00:00,52.813
2026-03-06 19:00:00,55.148
2026-03-06 20:00:00,52.33
2026-03-06 21:00:00,49.758
2026-03-06 22:00:00,50.208
2026-03-06 23:00:00,51.637
2026-03-07 00:00:00,51.358
2026-03-07 01:00:00,57.97
2026-03-07 02:00:00,58.442
2026-03-07 03:00:00,56.991
2026-03-07 04:00:00,56.016
2026-03-07 05:00:00,52.075
2026-03-07 06:00:00,53.963
2026-03-07 07:00:00,54.53
2026-03-07 08:00:00,55.145
2026-03-07 09:00:00,54.413
2026-03-07 10:00:00,57.287
2026-03-07 11:00:00,55.941
2026-03-07 12:00:00,53.706
2026-03-07 13:00:00,51.394
2026-03-07 14:00:00,48.87
2026-03-07 15:00:00,52.58
2026-03-07 16:00:00,53.306
2026-03-07 17:00:00,50.414
2026-03-07 18:00:00,53.732
2026-03-07 19:00:00,56.282
2026-03-07 20:00:00,52.368
2026-03-07 21:00:00,49.875
2026-03-07 22:00:00,46.777
2026-03-07 23:00:00,48.691
2026-03-08 00:00:00,53.482
2026-03-08 01:00:00,56.242
2026-03-08 02:00:00,52.827
2026-03-08 03:00:00,58.282
2026-03-08 04:00:00,56.491
2026-03-08 05:00:00,52.766
2026-03-08 06:00:00,48.345
2026-03-08 07:00:00,52.811
2026-03-08 08:00:00,54.687
2026-03-08 09:00:00,54.563
2026-03-08 10:00:00,57.595
2026-03-08 11:00:00,49.135
2026-03-08 12:00:00,53.809
2026-03-08 13:00:00,50.372
2026-03-08 14:00:00,46.465
2026-03-08 15:00:00,48.731
2026-03-08 16:00:00,50.91
2026-03-08 17:00:00,52.278
2026-03-08 18:00:00,56.965
2026-03-08 19:00:00,56.087
2026-03-08 20:00:00,49.243
2026-03-08 21:00:00,49.759
2026-03-08 22:00:00,50.597
2026-03-08 23:00:00,53.246
2026-03-09 00:00:00,53.823
2026-03-09 01:00:00,57.199
2026-03-09 02:00:00,60.264
2026-03-09 03:00:00,60.841
2026-03-09 04:00:00,55.374
2026-03-09 05:00:00,49.6
2026-03-09 06:00:00,50.071
2026-03-09 07:00:00,53.564
2026-03-09 08:00:00,54.735
2026-03-09 09:00:00,53.219
2026-03-09 10:00:00,55.951
2026-03-09 11:00:00,58.033
2026-03-09 12:00:00,52.232
2026-03-09 13:00:00,47.13
2026-03-09 14:00:00,49.986
2026-03-09 15:00:00,47.535
2026-03-09 16:00:00,47.968
2026-03-09 17:00:00,51.653
2026-03-09 18:00:00,54.726
2026-03-09 19:00:00,51.524
2026-03-09 20:00:00,48.907
2026-03-09 21:00:00,48.165
2026-03-09 22:00:00,49.624
2026-03-09 23:00:00,49.01
2026-03-10 00:00:00,53.417
2026-03-10 01:00:00,53.929
2026-03-10 02:00:00,53.955
2026-03-10 03:00:00,57.432
2026-03-10 04:00:00,53.61
2026-03-10 05:00:00,49.749
2026-03-10 06:00:00,48.215
2026-03-10 07:00:00,53.897
2026-03-10 08:00:00,52.167
2026-03-10 09:00:00,54.685
2026-03-10 10:00:00,57.883
2026-03-10 11:00:00,52.537
2026-03-10 12:00:00,54.266
2026-03-10 13:00:00,46.647
2026-03-10 14:00:00,48.189
2026-03-10 15:00:00,48.081
2026-03-10 16:00:00,47.94
2026-03-10 17:00:00,52.536
2026-03-10 18:00:00,51.864
2026-03-10 19:00:00,52.774
2026-03-10 20:00:00,50.629
2026-03-10 21:00:00,45.465
2026-03-10 22:00:00,47.655
2026-03-10 23:00:00,49.703
2026-03-11 00:00:00,52.853
2026-03-11 01:00:00,54.689
2026-03-11 02:00:00,54.383
2026-03-11 03:00:00,53.69
2026-03-11 04:00:00,55.684
2026-03-11 05:00:00,52.487
2026-03-11 06:00:00,48.059
2026-03-11 07:00:00,50.903
2026-03-11 08:00:00,50.759
2026-03-11 09:00:00,56.367
2026-03-11 10:00:00,53.415
2026-03-11 11:00:00,51.805
2026-03-11 12:00:00,55.225
2026-03-11 13:00:00,45.291
2026-03-11 14:00:00,42.914
2026-03-11 15:00:00,46.591
2026-03-11 16:00:00,48.626
2026-03-11 17:00:00,50.914
2026-03-11 18:00:00,54.961
2026-03-11 19:00:00,53.905
2026-03-11 20:00:00,50.464
2026-03-11 21:00:00,46.474
2026-03-11 22:00:00,42.73
2026-03-11 23:00:00,49.451
2026-03-12 00:00:00,51.452
2026-03-12 01:00:00,54.095
2026-03-12 02:00:00,52.947
2026-03-12 03:00:00,54.552
2026-03-12 04:00:00,55.241
2026-03-12 05:00:00,54.641
2026-03-12 06:00:00,48.709
2026-03-12 07:00:00,51.205
2026-03-12 08:00:00,53.903
2026-03-12 09:00:00,53.665
2026-03-12 10:00:00,57.586
2026-03-12 11:00:00,56.792
2026-03-12 12:00:00,48.766
2026-03-12 13:00:00,52.357
2026-03-12 14:00:00,47.508
2026-03-12 15:00:00,50.566
2026-03-12 16:00:00,52.81
2026-03-12 17:00:00,52.833
2026-03-12 18:00:00,51.725
2026-03-12 19:00:00,51.433
2026-03-12 20:00:00,49.767
2026-03-12 21:00:00,49.353
2026-03-12 22:00:00,45.003
2026-03-12 23:00:00,48.402
2026-03-13 00:00:00,53.214
2026-03-13 01:00:00,50.815
2026-03-13 02:00:00,57.13
2026-03-13 03:00:00,54.239
2026-03-13 04:00:00,50.613
2026-03-13 05:00:00,49.89
2026-03-13 06:00:00,46.238
2026-03-13 07:00:00,53.137
2026-03-13 08:00:00,50.656
2026-03-13 09:00:00,52.051
2026-03-13 10:00:00,54.237
2026-03-13 11:00:00,53.404
2026-03-13 12:00:00,49.087
2026-03-13 13:00:00,50.467
2026-03-13 14:00:00,48.175
2026-03-13 15:00:00,44.705
2026-03-13 16:00:00,44.409
2026-03-13 17:00:00,54.191
2026-03-13 18:00:00,50.957
2026-03-13 19:00:00,48.943
2026-03-13 20:00:00,52.221
2026-03-13 21:00:00,46.545
2026-03-13 22:00:00,43.752
2026-03-13 23:00:00,45.472
2026-03-14 00:00:00,54.057
2026-03-14 01:00:00,55.94
2026-03-14 02:00:00,54.816
2026-03-14 03:00:00,55.776
2026-03-14 04:00:00,51.684
2026-03-14 05:00:00,49.299
2026-03-14 06:00:00,50.11
2026-03-14 07:00:00,50.036
2026-03-14 08:00:00,53.316
2026-03-14 09:00:00,55.789
2026-03-14 10:00:00,56.981
2026-03-14 11:00:00,50.148
2026-03-14 12:00:00,46.935
2026-03-14 13:00:00,46.73
2026-03-14 14:00:00,42.024
2026-03-14 15:00:00,46.159
2026-03-14 16:00:00,48.74
2026-03-14 17:00:00,50.962
2026-03-14 18:00:00,54.175
2026-03-14 19:00:00,48.017
2026-03-14 20:00:00,45.153
2026-03-14 21:00:00,47.013
2026-03-14 22:00:00,44.275
2026-03-14 23:00:00,47.024
2026-03-15 00:00:00,52.139
2026-03-15 01:00:00,54.301
2026-03-15 02:00:00,53.928
2026-03-15 03:00:00,57.646
2026-03-15 04:00:00,49.367
2026-03-15 05:00:00,49.223
2026-03-15 06:00:00,45.969
2026-03-15 07:00:00,49.549
2026-03-15 08:00:00,52.071
2026-03-15 09:00:00,51.772
2026-03-15 10:00:00,57.135
2026-03-15 11:00:00,54.518
2026-03-15 12:00:00,51.091
2026-03-15 13:00:00,48.93
2026-03-15 14:00:00,48.941
2026-03-15 15:00:00,45.34
2026-03-15 16:00:00,45.327
2026-03-15 17:00:00,49.106
2026-03-15 18:00:00,48.558
2026-03-15 19:00:00,52.231
2026-03-15 20:00:00,46.213
2026-03-15 21:00:00,46.805
2026-03-15 22:00:00,43.232
2026-03-15 23:00:00,47.152
2026-03-16 00:00:00,46.487
2026-03-16 01:00:00,53.319
2026-03-16 02:00:00,54.008
2026-03-16 03:00:00,52.304
2026-03-16 04:00:00,53.408
2026-03-16 05:00:00,48.836
2026-03-16 06:00:00,47.329
2026-03-16 07:00:00,50.436
2026-03-16 08:00:00,52.552
2026-03-16 09:00:00,53.26
2026-03-16 10:00:00,58.707
2026-03-16 11:00:00,54.66
2026-03-16 12:00:00,51.321
2026-03-16 13:00:00,47.183
2026-03-16 14:00:00,43.63
2026-03-16 15:00:00,48.388
2026-03-16 16:00:00,46.548
2026-03-16 17:00:00,51.331
2026-03-16 18:00:00,51.328
2026-03-16 19:00:00,50.081
2026-03-16 20:00:00,45.607
2026-03-16 21:00:00,47.965
2026-03-16 22:00:00,48.828
2026-03-16 23:00:00,46.561
2026-03-17 00:00:00,48.143
2026-03-17 01:00:00,52.066
2026-03-17 02:00:00,54.926
2026-03-17 03:00:00,53.558
2026-03-17 04:00:00,54.658
2026-03-17 05:00:00,48.998
2026-03-17 06:00:00,47.704
2026-03-17 07:00:00,51.184
2026-03-17 08:00:00,47.399
2026-03-17 09:00:00,51.347
2026-03-17 10:00:00,51.495
2026-03-17 11:00:00,52.135
2026-03-17 12:00:00,47.408
2026-03-17 13:00:00,46.056
2026-03-17 14:00:00,42.986
2026-03-17 15:00:00,49.517
2026-03-17 16:00:00,47.331
2026-03-17 17:00:00,48.45
2026-03-17 18:00:00,50.382
2026-03-17 19:00:00,51.768
2026-03-17 20:00:00,49.599
2026-03-17 21:00:00,43.612
2026-03-17 22:00:00,45.805
2026-03-17 23:00:00,44.402
2026-03-18 00:00:00,50.194
2026-03-18 01:00:00,56.368
2026-03-18 02:00:00,53.685
2026-03-18 03:00:00,55.377
2026-03-18 04:00:00,52.066
2026-03-18 05:00:00,48.919
2026-03-18 06:00:00,46.51
2026-03-18 07:00:00,47.499
2026-03-18 08:00:00,51.688
2026-03-18 09:00:00,52.776
2026-03-18 10:00:00,53.703
2026-03-18 11:00:00,53.131
2026-03-18 12:00:00,43.905
2026-03-18 13:00:00,49.376
2026-03-18 14:00:00,42.013
2026-03-18 15:00:00,44.213
2026-03-18 16:00:00,45.618
2026-03-18 17:00:00,49.889
2026-03-18 18:00:00,50.948
2026-03-18 19:00:00,51.443
2026-03-18 20:00:00,46.457
2026-03-18 21:00:00,42.119
2026-03-18 22:00:00,44.519
2026-03-18 23:00:00,47.349
2026-03-19 00:00:00,45.745
2026-03-19 01:00:00,52.758
2026-03-19 02:00:00,55.781
2026-03-19 03:00:00,58.838
2026-03-19 04:00:00,50.744
2026-03-19 05:00:00,47.863
2026-03-19 06:00:00,46.905
2026-03-19 07:00:00,48.039
2026-03-19 08:00:00,53.277
2026-03-19 09:00:00,53.446
2026-03-19 10:00:00,53.728
2026-03-19 11:00:00,50.437
2026-03-19 12:00:00,49.535
2026-03-19 13:00:00,46.407
2026-03-19 14:00:00,45.869
2026-03-19 15:00:00,45.424
2026-03-19 16:00:00,50.408
2026-03-19 17:00:00,46.968
2026-03-19 18:00:00,56.141
2026-03-19 19:00:00,51.832
2026-03-19 20:00:00,48.518
2026-03-19 21:00:00,45.9
2026-03-19 22:00:00,43.878
2026-03-19 23:00:00,43.518
2026-03-20 00:00:00,50.714
2026-03-20 01:00:00,51.756
2026-03-20 02:00:00,56.743
2026-03-20 03:00:00,55.521
2026-03-20 04:00:00,49.699
2026-03-20 05:00:00,45.183
2026-03-20 06:00:00,49.494
2026-03-20 07:00:00,47.089
2026-03-20 08:00:00,51.868
2026-03-20 09:00:00,52.333
2026-03-20 10:00:00,57.262
2026-03-20 11:00:00,55.396
2026-03-20 12:00:00,51.374
2026-03-20 13:00:00,44.261
2026-03-20 14:00:00,47.657
2026-03-20 15:00:00,44.721
2026-03-20 16:00:00,46.953
2026-03-20 17:00:00,50.807
2026-03-20 18:00:00,50.062
2026-03-20 19:00:00,45.846
2026-03-20 20:00:00,47.135
2026-03-20 21:00:00,46.182
2026-03-20 22:00:00,43.006
2026-03-20 23:00:00,43.16
2026-03-21 00:00:00,48.023
2026-03-21 01:00:00,49.967
2026-03-21 02:00:00,55.226
2026-03-21 03:00:00,52.526
2026-03-21 04:00:00,49.136
2026-03-21 05:00:00,45.596
2026-03-21 06:00:00,50.626
2026-03-21 07:00:00,53.346
2026-03-21 08:00:00,53.201
2026-03-21 09:00:00,57.766
2026-03-21 10:00:00,51.606
2026-03-21 11:00:00,50.306
2026-03-21 12:00:00,50.745
2026-03-21 13:00:00,45.364
2026-03-21 14:00:00,43.192
2026-03-21 15:00:00,41.669
2026-03-21 16:00:00,47.398
2026-03-21 17:00:00,52.248
2026-03-21 18:00:00,44.188
2026-03-21 19:00:00,49.783
2026-03-21 20:00:00,47.778
2026-03-21 21:00:00,46.919
2026-03-21 22:00:00,47.317
2026-03-21 23:00:00,44.141
2026-03-22 00:00:00,53.575
2026-03-22 01:00:00,51.699
2026-03-22 02:00:00,54.804
2026-03-22 03:00:00,56.162
2026-03-22 04:00:00,53.218
2026-03-22 05:00:00,48.691
2026-03-22 06:00:00,49.376
2026-03-22 07:00:00,47.548
2026-03-22 08:00:00,50.039
2026-03-22 09:00:00,53.798
2026-03-22 10:00:00,50.953
2026-03-22 11:00:00,50.873
2026-03-22 12:00:00,50.056
2026-03-22 13:00:00,48.098
2026-03-22 14:00:00,49.283
2026-03-22 15:00:00,41.482
2026-03-22 16:00:00,48.009
2026-03-22 17:00:00,48.451
2026-03-22 18:00:00,47.647
2026-03-22 19:00:00,52.103
2026-03-22 20:00:00,46.429
2026-03-22 21:00:00,47.574
2026-03-22 22:00:00,43.214
2026-03-22 23:00:00,45.066
2026-03-23 00:00:00,47.64
2026-03-23 01:00:00,53.916
2026-03-23 02:00:00,54.181
2026-03-23 03:00:00,51.488
2026-03-23 04:00:00,50.665
2026-03-23 05:00:00,45.636
2026-03-23 06:00:00,47.64
2026-03-23 07:00:00,47.594
2026-03-23 08:00:00,53.568
2026-03-23 09:00:00,52.249
2026-03-23 10:00:00,56.284
2026-03-23 11:00:00,49.716
2026-03-23 12:00:00,47.504
2026-03-23 13:00:00,45.974
2026-03-23 14:00:00,46.115
2026-03-23 15:00:00,47.4
2026-03-23 16:00:00,46.121
2026-03-23 17:00:00,51.903
2026-03-23 18:00:00,50.953
2026-03-23 19:00:00,53.52
2026-03-23 20:00:00,50.683
2026-03-23 21:00:00,46.559
2026-03-23 22:00:00,46.84
2026-03-23 23:00:00,46.097
2026-03-24 00:00:00,46.401
2026-03-24 01:00:00,52.932
2026-03-24 02:00:00,51.38
2026-03-24 03:00:00,52.666
2026-03-24 04:00:00,48.537
2026-03-24 05:00:00,50.372
2026-03-24 06:00:00,46.478
2026-03-24 07:00:00,47.404
2026-03-24 08:00:00,47.528
2026-03-24 09:00:00,50.618
2026-03-24 10:00:00,54.458
2026-03-24 11:00:00,53.04
2026-03-24 12:00:00,49.733
2026-03-24 13:00:00,46.884
2026-03-24 14:00:00,46.718
2026-03-24 15:00:00,45.696
2026-03-24 16:00:00,45.627
2026-03-24 17:00:00,50.686
2026-03-24 18:00:00,50.474
2026-03-24 19:00:00,53.157
2026-03-24 20:00:00,43.944
2026-03-24 21:00:00,45.172
2026-03-24 22:00:00,44.536
2026-03-24 23:00:00,50.858
2026-03-25 00:00:00,48.699
2026-03-25 01:00:00,48.819
2026-03-25 02:00:00,54.205
2026-03-25 03:00:00,50.434
2026-03-25 04:00:00,53.548
2026-03-25 05:00:00,49.944
2026-03-25 06:00:00,48.012
2026-03-25 07:00:00,49.085
2026-03-25 08:00:00,51.021
2026-03-25 09:00:00,53.687
2026-03-25 10:00:00,51.508
2026-03-25 11:00:00,49.543
2026-03-25 12:00:00,49.683
2026-03-25 13:00:00,47.988
2026-03-25 14:00:00,49.503
2026-03-25 15:00:00,46.928
2026-03-25 16:00:00,47.664
2026-03-25 17:00:00,49.999
2026-03-25 18:00:00,52.61
2026-03-25 19:00:00,51.643
2026-03-25 20:00:00,48.441
2026-03-25 21:00:00,48.916
2026-03-25 22:00:00,45.802
2026-03-25 23:00:00,43.996
2026-03-26 00:00:00,49.206
2026-03-26 01:00:00,51.716
2026-03-26 02:00:00,53.397
2026-03-26 03:00:00,58.409
2026-03-26 04:00:00,48.364
2026-03-26 05:00:00,46.871
2026-03-26 06:00:00,49.949
2026-03-26 07:00:00,47.523
2026-03-26 08:00:00,53.256
2026-03-26 09:00:00,56.319
2026-03-26 10:00:00,52.381
2026-03-26 11:00:00,53.113
2026-03-26 12:00:00,50.13
2026-03-26 13:00:00,43.31
2026-03-26 14:00:00,45.372
2026-03-26 15:00:00,47.887
2026-03-26 16:00:00,45.95
2026-03-26 17:00:00,53.569
2026-03-26 18:00:00,49.575
2026-03-26 19:00:00,53.919
2026-03-26 20:00:00,47.078
2026-03-26 21:00:00,45.46
2026-03-26 22:00:00,44.096
2026-03-26 23:00:00,49.663
2026-03-27 00:00:00,50.824
2026-03-27 01:00:00,52.565
2026-03-27 02:00:00,55.641
2026-03-27 03:00:00,52.013
2026-03-27 04:00:00,51.258
2026-03-27 05:00:00,52.213
2026-03-27 06:00:00,49.908
2026-03-27 07:00:00,49.046
2026-03-27 08:00:00,51.317
2026-03-27 09:00:00,55.488
2026-03-27 10:00:00,53.889
2026-03-27 11:00:00,51.908
2026-03-27 12:00:00,50.091
2026-03-27 13:00:00,49.503
2026-03-27 14:00:00,45.517
2026-03-27 15:00:00,45.211
2026-03-27 16:00:00,48.365
2026-03-27 17:00:00,54.061
2026-03-27 18:00:00,56.116
2026-03-27 19:00:00,50.589
2026-03-27 20:00:00,50.418
2026-03-27 21:00:00,45.647
2026-03-27 22:00:00,49.24
2026-03-27 23:00:00,46.278
2026-03-28 00:00:00,50.88
2026-03-28 01:00:00,51.917
2026-03-28 02:00:00,53.223
2026-03-28 03:00:00,57.779
2026-03-28 04:00:00,53.662
2026-03-28 05:00:00,53.229
2026-03-28 06:00:00,48.498
2026-03-28 07:00:00,50.121
2026-03-28 08:00:00,52.264
2026-03-28 09:00:00,56.335
2026-03-28 10:00:00,56.575
2026-03-28 11:00:00,54.638
2026-03-28 12:00:00,52.435
2026-03-28 13:00:00,49.462
2026-03-28 14:00:00,49.398
2026-03-28 15:00:00,48.831
2026-03-28 16:00:00,45.729
2026-03-28 17:00:00,49.587
2026-03-28 18:00:00,53.807
2026-03-28 19:00:00,51.637
2026-03-28 20:00:00,49.225
2026-03-28 21:00:00,47.301
2026-03-28 22:00:00,46.134
2026-03-28 23:00:00,45.61
2026-03-29 00:00:00,52.424
2026-03-29 01:00:00,48.762
2026-03-29 02:00:00,56.085
2026-03-29 03:00:00,53.584
2026-03-29 04:00:00,50.937
2026-03-29 05:00:00,48.113
2026-03-29 06:00:00,50.15
2026-03-29 07:00:00,52.399
2026-03-29 08:00:00,53.743
2026-03-29 09:00:00,54.049
2026-03-29 10:00:00,54.249
2026-03-29 11:00:00,51.728
2026-03-29 12:00:00,50.901
2026-03-29 13:00:00,46.137
2026-03-29 14:00:00,46.181
2026-03-29 15:00:00,45.976
2026-03-29 16:00:00,47.121
2026-03-29 17:00:00,52.165
2026-03-29 18:00:00,53.731
2026-03-29 19:00:00,53.998
2026-03-29 20:00:00,46.874
2026-03-29 21:00:00,46.107
2026-03-29 22:00:00,45.355
2026-03-29 23:00:00,46.807
2026-03-30 00:00:00,46.312
2026-03-30 01:00:00,52.635
2026-03-30 02:00:00,55.507
2026-03-30 03:00:00,55.697
2026-03-30 04:00:00,56.158
2026-03-30 05:00:00,47.487
2026-03-30 06:00:00,48.564
2026-03-30 07:00:00,49.901
2026-03-30 08:00:00,53.365
2026-03-30 09:00:00,53.328
2026-03-30 10:00:00,55.327
2026-03-30 11:00:00,51.332
2026-03-30 12:00:00,49.08
2026-03-30 13:00:00,49.503
2026-03-30 14:00:00,46.258
2026-03-30 15:00:00,45.657
2026-03-30 16:00:00,48.113
2026-03-30 17:00:00,52.506
2026-03-30 18:00:00,49.637
2026-03-30 19:00:00,58.478
2026-03-30 20:00:00,49.836
2026-03-30 21:00:00,46.321
2026-03-30 22:00:00,44.257
2026-03-30 23:00:00,51.607
2026-03-31 00:00:00,52.022
2026-03-31 01:00:00,52.467
2026-03-31 02:00:00,54.525
2026-03-31 03:00:00,53.329
2026-03-31 04:00:00,51.652
2026-03-31 05:00:00,48.728
2026-03-31 06:00:00,52.201
2026-03-31 07:00:00,53.334
2026-03-31 08:00:00,54.486
2026-03-31 09:00:00,52.048
2026-03-31 10:00:00,54.612
2026-03-31 11:00:00,57.207
2026-03-31 12:00:00,50.337
2026-03-31 13:00:00,50.95
2026-03-31 14:00:00,47.591
2026-03-31 15:00:00,45.956
2026-03-31 16:00:00,51.797
2026-03-31 17:00:00,53.096
2026-03-31 18:00:00,54.366
2026-03-31 19:00:00,54.249
2026-03-31 20:00:00,52.361
2026-03-31 21:00:00,45.676
2026-03-31 22:00:00,46.733
2026-03-31 23:00:00,47.398
